{"mu": {"0": [[-0.4804644837314208, 1.2204770421199727], [0.7360701898339926, 0.7242845614019913], [0.7840907619764332, 0.6364696508451684]], "1": [[0.7345454713555917, 0.383079368351245], [0.7634333458262509, 0.7247014481610089], [-0.48102895977178456, 1.2209360315919802]], "2": [[0.7589603463932411, 0.6797694399017237], [-0.6394637166412946, 1.4746035002427056], [-0.3259205996544614, 0.971335918925847]], "3": [[0.8094747560473959, 0.6047908316826142], [-0.48048922947131856, 1.2205071578887419], [0.7339987011267152, 0.7200192713524668]], "4": [[-0.6394637166412946, 1.4746035002427056], [-0.32592059965446146, 0.9713359189258469], [0.7589603463932411, 0.6797694399017237]]}, "cov": {"0": [[0.06143810549471746, -0.024997782759187476, -0.024997782759187476, 0.0814997459336095], [0.026192707682993092, 0.005659091826380959, 0.005659091826380959, 0.0287559159587094], [0.025797239897600476, -0.020131241122760213, -0.020131241122760213, 0.048151165898585785]], "1": [[0.05131186699711382, -0.026374479682924144, -0.026374479682924144, 0.018832288774893617], [0.023110754433358013, -0.006975507686132014, -0.006975507686132014, 0.028368335922627625], [0.061064654659152534, -0.024677604606581315, -0.024677604606581315, 0.0812828657629086]], "2": [[0.02717033282664082, -0.0084004126553712, -0.0084004126553712, 0.040441962978892076], [0.035968049493834434, 0.01549272043946406, 0.01549272043946406, 0.01935184304729686], [0.036049434543354936, 0.014638833823181647, 0.014638833823181647, 0.01629148685149031]], "3": [[0.024381886843710322, -0.02169989779795145, -0.02169989779795145, 0.04981001562952888], [0.06142322287095428, -0.024976574437304097, -0.024976574437304097, 0.08148258768051732], [0.025780832971374366, 0.0016988508638070212, 0.0016988508638070212, 0.030868867904569237]], "4": [[0.035968049493834434, 0.01549272043946406, 0.01549272043946406, 0.01935184304729686], [0.036049434543354936, 0.01463883382318166, 0.01463883382318166, 0.016291486851490324], [0.02717033282664082, -0.0084004126553712, -0.0084004126553712, 0.040441962978892076]]}}